[
  {
    "id": 1101,
    "id_provinsi": "11",
    "nama": "Kabupaten Simeulue"
  },
  {
    "id": 1102,
    "id_provinsi": "11",
    "nama": "Kabupaten Aceh Singkil"
  },
  {
    "id": 1103,
    "id_provinsi": "11",
    "nama": "Kabupaten Aceh Selatan"
  },
  {
    "id": 1104,
    "id_provinsi": "11",
    "nama": "Kabupaten Aceh Tenggara"
  },
  {
    "id": 1105,
    "id_provinsi": "11",
    "nama": "Kabupaten Aceh Timur"
  },
  {
    "id": 1106,
    "id_provinsi": "11",
    "nama": "Kabupaten Aceh Tengah"
  },
  {
    "id": 1107,
    "id_provinsi": "11",
    "nama": "Kabupaten Aceh Barat"
  },
  {
    "id": 1108,
    "id_provinsi": "11",
    "nama": "Kabupaten Aceh Besar"
  },
  {
    "id": 1109,
    "id_provinsi": "11",
    "nama": "Kabupaten Pidie"
  },
  {
    "id": 1110,
    "id_provinsi": "11",
    "nama": "Kabupaten Bireuen"
  },
  {
    "id": 1111,
    "id_provinsi": "11",
    "nama": "Kabupaten Aceh Utara"
  },
  {
    "id": 1112,
    "id_provinsi": "11",
    "nama": "Kabupaten Aceh Barat Daya"
  },
  {
    "id": 1113,
    "id_provinsi": "11",
    "nama": "Kabupaten Gayo Lues"
  },
  {
    "id": 1114,
    "id_provinsi": "11",
    "nama": "Kabupaten Aceh Tamiang"
  },
  {
    "id": 1115,
    "id_provinsi": "11",
    "nama": "Kabupaten Nagan Raya"
  },
  {
    "id": 1116,
    "id_provinsi": "11",
    "nama": "Kabupaten Aceh Jaya"
  },
  {
    "id": 1117,
    "id_provinsi": "11",
    "nama": "Kabupaten Bener Meriah"
  },
  {
    "id": 1118,
    "id_provinsi": "11",
    "nama": "Kabupaten Pidie Jaya"
  },
  {
    "id": 1171,
    "id_provinsi": "11",
    "nama": "Kota Banda Aceh"
  },
  {
    "id": 1172,
    "id_provinsi": "11",
    "nama": "Kota Sabang"
  },
  {
    "id": 1173,
    "id_provinsi": "11",
    "nama": "Kota Langsa"
  },
  {
    "id": 1174,
    "id_provinsi": "11",
    "nama": "Kota Lhokseumawe"
  },
  {
    "id": 1175,
    "id_provinsi": "11",
    "nama": "Kota Subulussalam"
  }
]