[
  {
    "id": 1301,
    "id_provinsi": "13",
    "nama": "Kabupaten Kepulauan Mentawai"
  },
  {
    "id": 1302,
    "id_provinsi": "13",
    "nama": "Kabupaten Pesisir Selatan"
  },
  {
    "id": 1303,
    "id_provinsi": "13",
    "nama": "Kabupaten Solok"
  },
  {
    "id": 1304,
    "id_provinsi": "13",
    "nama": "Kabupaten Sijunjung"
  },
  {
    "id": 1305,
    "id_provinsi": "13",
    "nama": "Kabupaten Tanah Datar"
  },
  {
    "id": 1306,
    "id_provinsi": "13",
    "nama": "Kabupaten Padang Pariaman"
  },
  {
    "id": 1307,
    "id_provinsi": "13",
    "nama": "Kabupaten Agam"
  },
  {
    "id": 1308,
    "id_provinsi": "13",
    "nama": "Kabupaten Lima Puluh Kota"
  },
  {
    "id": 1309,
    "id_provinsi": "13",
    "nama": "Kabupaten Pasaman"
  },
  {
    "id": 1310,
    "id_provinsi": "13",
    "nama": "Kabupaten Solok Selatan"
  },
  {
    "id": 1311,
    "id_provinsi": "13",
    "nama": "Kabupaten Dharmasraya"
  },
  {
    "id": 1312,
    "id_provinsi": "13",
    "nama": "Kabupaten Pasaman Barat"
  },
  {
    "id": 1371,
    "id_provinsi": "13",
    "nama": "Kota Padang"
  },
  {
    "id": 1372,
    "id_provinsi": "13",
    "nama": "Kota Solok"
  },
  {
    "id": 1373,
    "id_provinsi": "13",
    "nama": "Kota Sawah Lunto"
  },
  {
    "id": 1374,
    "id_provinsi": "13",
    "nama": "Kota Padang Panjang"
  },
  {
    "id": 1375,
    "id_provinsi": "13",
    "nama": "Kota Bukittinggi"
  },
  {
    "id": 1376,
    "id_provinsi": "13",
    "nama": "Kota Payakumbuh"
  },
  {
    "id": 1377,
    "id_provinsi": "13",
    "nama": "Kota Pariaman"
  }
]