[
  {
    "id": 1401,
    "id_provinsi": "14",
    "nama": "Kabupaten Kuantan Singingi"
  },
  {
    "id": 1402,
    "id_provinsi": "14",
    "nama": "Kabupaten Indragiri Hulu"
  },
  {
    "id": 1403,
    "id_provinsi": "14",
    "nama": "Kabupaten Indragiri Hilir"
  },
  {
    "id": 1404,
    "id_provinsi": "14",
    "nama": "Kabupaten Pelalawan"
  },
  {
    "id": 1405,
    "id_provinsi": "14",
    "nama": "Kabupaten S I A K"
  },
  {
    "id": 1406,
    "id_provinsi": "14",
    "nama": "Kabupaten Kampar"
  },
  {
    "id": 1407,
    "id_provinsi": "14",
    "nama": "Kabupaten Rokan Hulu"
  },
  {
    "id": 1408,
    "id_provinsi": "14",
    "nama": "Kabupaten Bengkalis"
  },
  {
    "id": 1409,
    "id_provinsi": "14",
    "nama": "Kabupaten Rokan Hilir"
  },
  {
    "id": 1410,
    "id_provinsi": "14",
    "nama": "Kabupaten Kepulauan Meranti"
  },
  {
    "id": 1471,
    "id_provinsi": "14",
    "nama": "Kota Pekanbaru"
  },
  {
    "id": 1473,
    "id_provinsi": "14",
    "nama": "Kota D U M A I"
  }
]