[
  {
    "id": 1501,
    "id_provinsi": "15",
    "nama": "Kabupaten Kerinci"
  },
  {
    "id": 1502,
    "id_provinsi": "15",
    "nama": "Kabupaten Merangin"
  },
  {
    "id": 1503,
    "id_provinsi": "15",
    "nama": "Kabupaten Sarolangun"
  },
  {
    "id": 1504,
    "id_provinsi": "15",
    "nama": "Kabupaten Batang Hari"
  },
  {
    "id": 1505,
    "id_provinsi": "15",
    "nama": "Kabupaten Muaro Jambi"
  },
  {
    "id": 1506,
    "id_provinsi": "15",
    "nama": "Kabupaten Tanjung Jabung Timur"
  },
  {
    "id": 1507,
    "id_provinsi": "15",
    "nama": "Kabupaten Tanjung Jabung Barat"
  },
  {
    "id": 1508,
    "id_provinsi": "15",
    "nama": "Kabupaten Tebo"
  },
  {
    "id": 1509,
    "id_provinsi": "15",
    "nama": "Kabupaten Bungo"
  },
  {
    "id": 1571,
    "id_provinsi": "15",
    "nama": "Kota Jambi"
  },
  {
    "id": 1572,
    "id_provinsi": "15",
    "nama": "Kota Sungai Penuh"
  }
]