[
  {
    "id": 1601,
    "id_provinsi": "16",
    "nama": "Kabupaten Ogan Komering Ulu"
  },
  {
    "id": 1602,
    "id_provinsi": "16",
    "nama": "Kabupaten Ogan Komering Ilir"
  },
  {
    "id": 1603,
    "id_provinsi": "16",
    "nama": "Kabupaten Muara Enim"
  },
  {
    "id": 1604,
    "id_provinsi": "16",
    "nama": "Kabupaten Lahat"
  },
  {
    "id": 1605,
    "id_provinsi": "16",
    "nama": "Kabupaten Musi Rawas"
  },
  {
    "id": 1606,
    "id_provinsi": "16",
    "nama": "Kabupaten Musi Banyuasin"
  },
  {
    "id": 1607,
    "id_provinsi": "16",
    "nama": "Kabupaten Banyu Asin"
  },
  {
    "id": 1608,
    "id_provinsi": "16",
    "nama": "Kabupaten Ogan Komering Ulu Selatan"
  },
  {
    "id": 1609,
    "id_provinsi": "16",
    "nama": "Kabupaten Ogan Komering Ulu Timur"
  },
  {
    "id": 1610,
    "id_provinsi": "16",
    "nama": "Kabupaten Ogan Ilir"
  },
  {
    "id": 1611,
    "id_provinsi": "16",
    "nama": "Kabupaten Empat Lawang"
  },
  {
    "id": 1612,
    "id_provinsi": "16",
    "nama": "Kabupaten Penukal Abab Lematang Ilir"
  },
  {
    "id": 1613,
    "id_provinsi": "16",
    "nama": "Kabupaten Musi Rawas Utara"
  },
  {
    "id": 1671,
    "id_provinsi": "16",
    "nama": "Kota Palembang"
  },
  {
    "id": 1672,
    "id_provinsi": "16",
    "nama": "Kota Prabumulih"
  },
  {
    "id": 1673,
    "id_provinsi": "16",
    "nama": "Kota Pagar Alam"
  },
  {
    "id": 1674,
    "id_provinsi": "16",
    "nama": "Kota Lubuklinggau"
  }
]