[
  {
    "id": 1701,
    "id_provinsi": "17",
    "nama": "Kabupaten Bengkulu Selatan"
  },
  {
    "id": 1702,
    "id_provinsi": "17",
    "nama": "Kabupaten Rejang Lebong"
  },
  {
    "id": 1703,
    "id_provinsi": "17",
    "nama": "Kabupaten Bengkulu Utara"
  },
  {
    "id": 1704,
    "id_provinsi": "17",
    "nama": "Kabupaten Kaur"
  },
  {
    "id": 1705,
    "id_provinsi": "17",
    "nama": "Kabupaten Seluma"
  },
  {
    "id": 1706,
    "id_provinsi": "17",
    "nama": "Kabupaten Mukomuko"
  },
  {
    "id": 1707,
    "id_provinsi": "17",
    "nama": "Kabupaten Lebong"
  },
  {
    "id": 1708,
    "id_provinsi": "17",
    "nama": "Kabupaten Kepahiang"
  },
  {
    "id": 1709,
    "id_provinsi": "17",
    "nama": "Kabupaten Bengkulu Tengah"
  },
  {
    "id": 1771,
    "id_provinsi": "17",
    "nama": "Kota Bengkulu"
  }
]