[
  {
    "id": 1801,
    "id_provinsi": "18",
    "nama": "Kabupaten Lampung Barat"
  },
  {
    "id": 1802,
    "id_provinsi": "18",
    "nama": "Kabupaten Tanggamus"
  },
  {
    "id": 1803,
    "id_provinsi": "18",
    "nama": "Kabupaten Lampung Selatan"
  },
  {
    "id": 1804,
    "id_provinsi": "18",
    "nama": "Kabupaten Lampung Timur"
  },
  {
    "id": 1805,
    "id_provinsi": "18",
    "nama": "Kabupaten Lampung Tengah"
  },
  {
    "id": 1806,
    "id_provinsi": "18",
    "nama": "Kabupaten Lampung Utara"
  },
  {
    "id": 1807,
    "id_provinsi": "18",
    "nama": "Kabupaten Way Kanan"
  },
  {
    "id": 1808,
    "id_provinsi": "18",
    "nama": "Kabupaten Tulangbawang"
  },
  {
    "id": 1809,
    "id_provinsi": "18",
    "nama": "Kabupaten Pesawaran"
  },
  {
    "id": 1810,
    "id_provinsi": "18",
    "nama": "Kabupaten Pringsewu"
  },
  {
    "id": 1811,
    "id_provinsi": "18",
    "nama": "Kabupaten Mesuji"
  },
  {
    "id": 1812,
    "id_provinsi": "18",
    "nama": "Kabupaten Tulang Bawang Barat"
  },
  {
    "id": 1813,
    "id_provinsi": "18",
    "nama": "Kabupaten Pesisir Barat"
  },
  {
    "id": 1871,
    "id_provinsi": "18",
    "nama": "Kota Bandar Lampung"
  },
  {
    "id": 1872,
    "id_provinsi": "18",
    "nama": "Kota Metro"
  }
]