[
  {
    "id": 1901,
    "id_provinsi": "19",
    "nama": "Kabupaten Bangka"
  },
  {
    "id": 1902,
    "id_provinsi": "19",
    "nama": "Kabupaten Belitung"
  },
  {
    "id": 1903,
    "id_provinsi": "19",
    "nama": "Kabupaten Bangka Barat"
  },
  {
    "id": 1904,
    "id_provinsi": "19",
    "nama": "Kabupaten Bangka Tengah"
  },
  {
    "id": 1905,
    "id_provinsi": "19",
    "nama": "Kabupaten Bangka Selatan"
  },
  {
    "id": 1906,
    "id_provinsi": "19",
    "nama": "Kabupaten Belitung Timur"
  },
  {
    "id": 1971,
    "id_provinsi": "19",
    "nama": "Kota Pangkal Pinang"
  }
]