[
  {
    "id": 2101,
    "id_provinsi": "21",
    "nama": "Kabupaten Karimun"
  },
  {
    "id": 2102,
    "id_provinsi": "21",
    "nama": "Kabupaten Bintan"
  },
  {
    "id": 2103,
    "id_provinsi": "21",
    "nama": "Kabupaten Natuna"
  },
  {
    "id": 2104,
    "id_provinsi": "21",
    "nama": "Kabupaten Lingga"
  },
  {
    "id": 2105,
    "id_provinsi": "21",
    "nama": "Kabupaten Kepulauan Anambas"
  },
  {
    "id": 2171,
    "id_provinsi": "21",
    "nama": "Kota B A T A M"
  },
  {
    "id": 2172,
    "id_provinsi": "21",
    "nama": "Kota Tanjung Pinang"
  }
]