[
  {
    "id": 3101,
    "id_provinsi": "31",
    "nama": "Kabupaten Kepulauan Seribu"
  },
  {
    "id": 3171,
    "id_provinsi": "31",
    "nama": "Kota Jakarta Selatan"
  },
  {
    "id": 3172,
    "id_provinsi": "31",
    "nama": "Kota Jakarta Timur"
  },
  {
    "id": 3173,
    "id_provinsi": "31",
    "nama": "Kota Jakarta Pusat"
  },
  {
    "id": 3174,
    "id_provinsi": "31",
    "nama": "Kota Jakarta Barat"
  },
  {
    "id": 3175,
    "id_provinsi": "31",
    "nama": "Kota Jakarta Utara"
  }
]