[
  {
    "id": 3201,
    "id_provinsi": "32",
    "nama": "Kabupaten Bogor"
  },
  {
    "id": 3202,
    "id_provinsi": "32",
    "nama": "Kabupaten Sukabumi"
  },
  {
    "id": 3203,
    "id_provinsi": "32",
    "nama": "Kabupaten Cianjur"
  },
  {
    "id": 3204,
    "id_provinsi": "32",
    "nama": "Kabupaten Bandung"
  },
  {
    "id": 3205,
    "id_provinsi": "32",
    "nama": "Kabupaten Garut"
  },
  {
    "id": 3206,
    "id_provinsi": "32",
    "nama": "Kabupaten Tasikmalaya"
  },
  {
    "id": 3207,
    "id_provinsi": "32",
    "nama": "Kabupaten Ciamis"
  },
  {
    "id": 3208,
    "id_provinsi": "32",
    "nama": "Kabupaten Kuningan"
  },
  {
    "id": 3209,
    "id_provinsi": "32",
    "nama": "Kabupaten Cirebon"
  },
  {
    "id": 3210,
    "id_provinsi": "32",
    "nama": "Kabupaten Majalengka"
  },
  {
    "id": 3211,
    "id_provinsi": "32",
    "nama": "Kabupaten Sumedang"
  },
  {
    "id": 3212,
    "id_provinsi": "32",
    "nama": "Kabupaten Indramayu"
  },
  {
    "id": 3213,
    "id_provinsi": "32",
    "nama": "Kabupaten Subang"
  },
  {
    "id": 3214,
    "id_provinsi": "32",
    "nama": "Kabupaten Purwakarta"
  },
  {
    "id": 3215,
    "id_provinsi": "32",
    "nama": "Kabupaten Karawang"
  },
  {
    "id": 3216,
    "id_provinsi": "32",
    "nama": "Kabupaten Bekasi"
  },
  {
    "id": 3217,
    "id_provinsi": "32",
    "nama": "Kabupaten Bandung Barat"
  },
  {
    "id": 3218,
    "id_provinsi": "32",
    "nama": "Kabupaten Pangandaran"
  },
  {
    "id": 3271,
    "id_provinsi": "32",
    "nama": "Kota Bogor"
  },
  {
    "id": 3272,
    "id_provinsi": "32",
    "nama": "Kota Sukabumi"
  },
  {
    "id": 3273,
    "id_provinsi": "32",
    "nama": "Kota Bandung"
  },
  {
    "id": 3274,
    "id_provinsi": "32",
    "nama": "Kota Cirebon"
  },
  {
    "id": 3275,
    "id_provinsi": "32",
    "nama": "Kota Bekasi"
  },
  {
    "id": 3276,
    "id_provinsi": "32",
    "nama": "Kota Depok"
  },
  {
    "id": 3277,
    "id_provinsi": "32",
    "nama": "Kota Cimahi"
  },
  {
    "id": 3278,
    "id_provinsi": "32",
    "nama": "Kota Tasikmalaya"
  },
  {
    "id": 3279,
    "id_provinsi": "32",
    "nama": "Kota Banjar"
  }
]