[
  {
    "id": 3301,
    "id_provinsi": "33",
    "nama": "Kabupaten Cilacap"
  },
  {
    "id": 3302,
    "id_provinsi": "33",
    "nama": "Kabupaten Banyumas"
  },
  {
    "id": 3303,
    "id_provinsi": "33",
    "nama": "Kabupaten Purbalingga"
  },
  {
    "id": 3304,
    "id_provinsi": "33",
    "nama": "Kabupaten Banjarnegara"
  },
  {
    "id": 3305,
    "id_provinsi": "33",
    "nama": "Kabupaten Kebumen"
  },
  {
    "id": 3306,
    "id_provinsi": "33",
    "nama": "Kabupaten Purworejo"
  },
  {
    "id": 3307,
    "id_provinsi": "33",
    "nama": "Kabupaten Wonosobo"
  },
  {
    "id": 3308,
    "id_provinsi": "33",
    "nama": "Kabupaten Magelang"
  },
  {
    "id": 3309,
    "id_provinsi": "33",
    "nama": "Kabupaten Boyolali"
  },
  {
    "id": 3310,
    "id_provinsi": "33",
    "nama": "Kabupaten Klaten"
  },
  {
    "id": 3311,
    "id_provinsi": "33",
    "nama": "Kabupaten Sukoharjo"
  },
  {
    "id": 3312,
    "id_provinsi": "33",
    "nama": "Kabupaten Wonogiri"
  },
  {
    "id": 3313,
    "id_provinsi": "33",
    "nama": "Kabupaten Karanganyar"
  },
  {
    "id": 3314,
    "id_provinsi": "33",
    "nama": "Kabupaten Sragen"
  },
  {
    "id": 3315,
    "id_provinsi": "33",
    "nama": "Kabupaten Grobogan"
  },
  {
    "id": 3316,
    "id_provinsi": "33",
    "nama": "Kabupaten Blora"
  },
  {
    "id": 3317,
    "id_provinsi": "33",
    "nama": "Kabupaten Rembang"
  },
  {
    "id": 3318,
    "id_provinsi": "33",
    "nama": "Kabupaten Pati"
  },
  {
    "id": 3319,
    "id_provinsi": "33",
    "nama": "Kabupaten Kudus"
  },
  {
    "id": 3320,
    "id_provinsi": "33",
    "nama": "Kabupaten Jepara"
  },
  {
    "id": 3321,
    "id_provinsi": "33",
    "nama": "Kabupaten Demak"
  },
  {
    "id": 3322,
    "id_provinsi": "33",
    "nama": "Kabupaten Semarang"
  },
  {
    "id": 3323,
    "id_provinsi": "33",
    "nama": "Kabupaten Temanggung"
  },
  {
    "id": 3324,
    "id_provinsi": "33",
    "nama": "Kabupaten Kendal"
  },
  {
    "id": 3325,
    "id_provinsi": "33",
    "nama": "Kabupaten Batang"
  },
  {
    "id": 3326,
    "id_provinsi": "33",
    "nama": "Kabupaten Pekalongan"
  },
  {
    "id": 3327,
    "id_provinsi": "33",
    "nama": "Kabupaten Pemalang"
  },
  {
    "id": 3328,
    "id_provinsi": "33",
    "nama": "Kabupaten Tegal"
  },
  {
    "id": 3329,
    "id_provinsi": "33",
    "nama": "Kabupaten Brebes"
  },
  {
    "id": 3371,
    "id_provinsi": "33",
    "nama": "Kota Magelang"
  },
  {
    "id": 3372,
    "id_provinsi": "33",
    "nama": "Kota Surakarta"
  },
  {
    "id": 3373,
    "id_provinsi": "33",
    "nama": "Kota Salatiga"
  },
  {
    "id": 3374,
    "id_provinsi": "33",
    "nama": "Kota Semarang"
  },
  {
    "id": 3375,
    "id_provinsi": "33",
    "nama": "Kota Pekalongan"
  },
  {
    "id": 3376,
    "id_provinsi": "33",
    "nama": "Kota Tegal"
  }
]