[
  {
    "id": 3501,
    "id_provinsi": "35",
    "nama": "Kabupaten Pacitan"
  },
  {
    "id": 3502,
    "id_provinsi": "35",
    "nama": "Kabupaten Ponorogo"
  },
  {
    "id": 3503,
    "id_provinsi": "35",
    "nama": "Kabupaten Trenggalek"
  },
  {
    "id": 3504,
    "id_provinsi": "35",
    "nama": "Kabupaten Tulungagung"
  },
  {
    "id": 3505,
    "id_provinsi": "35",
    "nama": "Kabupaten Blitar"
  },
  {
    "id": 3506,
    "id_provinsi": "35",
    "nama": "Kabupaten Kediri"
  },
  {
    "id": 3507,
    "id_provinsi": "35",
    "nama": "Kabupaten Malang"
  },
  {
    "id": 3508,
    "id_provinsi": "35",
    "nama": "Kabupaten Lumajang"
  },
  {
    "id": 3509,
    "id_provinsi": "35",
    "nama": "Kabupaten Jember"
  },
  {
    "id": 3510,
    "id_provinsi": "35",
    "nama": "Kabupaten Banyuwangi"
  },
  {
    "id": 3511,
    "id_provinsi": "35",
    "nama": "Kabupaten Bondowoso"
  },
  {
    "id": 3512,
    "id_provinsi": "35",
    "nama": "Kabupaten Situbondo"
  },
  {
    "id": 3513,
    "id_provinsi": "35",
    "nama": "Kabupaten Probolinggo"
  },
  {
    "id": 3514,
    "id_provinsi": "35",
    "nama": "Kabupaten Pasuruan"
  },
  {
    "id": 3515,
    "id_provinsi": "35",
    "nama": "Kabupaten Sidoarjo"
  },
  {
    "id": 3516,
    "id_provinsi": "35",
    "nama": "Kabupaten Mojokerto"
  },
  {
    "id": 3517,
    "id_provinsi": "35",
    "nama": "Kabupaten Jombang"
  },
  {
    "id": 3518,
    "id_provinsi": "35",
    "nama": "Kabupaten Nganjuk"
  },
  {
    "id": 3519,
    "id_provinsi": "35",
    "nama": "Kabupaten Madiun"
  },
  {
    "id": 3520,
    "id_provinsi": "35",
    "nama": "Kabupaten Magetan"
  },
  {
    "id": 3521,
    "id_provinsi": "35",
    "nama": "Kabupaten Ngawi"
  },
  {
    "id": 3522,
    "id_provinsi": "35",
    "nama": "Kabupaten Bojonegoro"
  },
  {
    "id": 3523,
    "id_provinsi": "35",
    "nama": "Kabupaten Tuban"
  },
  {
    "id": 3524,
    "id_provinsi": "35",
    "nama": "Kabupaten Lamongan"
  },
  {
    "id": 3525,
    "id_provinsi": "35",
    "nama": "Kabupaten Gresik"
  },
  {
    "id": 3526,
    "id_provinsi": "35",
    "nama": "Kabupaten Bangkalan"
  },
  {
    "id": 3527,
    "id_provinsi": "35",
    "nama": "Kabupaten Sampang"
  },
  {
    "id": 3528,
    "id_provinsi": "35",
    "nama": "Kabupaten Pamekasan"
  },
  {
    "id": 3529,
    "id_provinsi": "35",
    "nama": "Kabupaten Sumenep"
  },
  {
    "id": 3571,
    "id_provinsi": "35",
    "nama": "Kota Kediri"
  },
  {
    "id": 3572,
    "id_provinsi": "35",
    "nama": "Kota Blitar"
  },
  {
    "id": 3573,
    "id_provinsi": "35",
    "nama": "Kota Malang"
  },
  {
    "id": 3574,
    "id_provinsi": "35",
    "nama": "Kota Probolinggo"
  },
  {
    "id": 3575,
    "id_provinsi": "35",
    "nama": "Kota Pasuruan"
  },
  {
    "id": 3576,
    "id_provinsi": "35",
    "nama": "Kota Mojokerto"
  },
  {
    "id": 3577,
    "id_provinsi": "35",
    "nama": "Kota Madiun"
  },
  {
    "id": 3578,
    "id_provinsi": "35",
    "nama": "Kota Surabaya"
  },
  {
    "id": 3579,
    "id_provinsi": "35",
    "nama": "Kota Batu"
  }
]