[
  {
    "id": 3601,
    "id_provinsi": "36",
    "nama": "Kabupaten Pandeglang"
  },
  {
    "id": 3602,
    "id_provinsi": "36",
    "nama": "Kabupaten Lebak"
  },
  {
    "id": 3603,
    "id_provinsi": "36",
    "nama": "Kabupaten Tangerang"
  },
  {
    "id": 3604,
    "id_provinsi": "36",
    "nama": "Kabupaten Serang"
  },
  {
    "id": 3671,
    "id_provinsi": "36",
    "nama": "Kota Tangerang"
  },
  {
    "id": 3672,
    "id_provinsi": "36",
    "nama": "Kota Cilegon"
  },
  {
    "id": 3673,
    "id_provinsi": "36",
    "nama": "Kota Serang"
  },
  {
    "id": 3674,
    "id_provinsi": "36",
    "nama": "Kota Tangerang Selatan"
  }
]