[
  {
    "id": 5101,
    "id_provinsi": "51",
    "nama": "Kabupaten Jembrana"
  },
  {
    "id": 5102,
    "id_provinsi": "51",
    "nama": "Kabupaten Tabanan"
  },
  {
    "id": 5103,
    "id_provinsi": "51",
    "nama": "Kabupaten Badung"
  },
  {
    "id": 5104,
    "id_provinsi": "51",
    "nama": "Kabupaten Gianyar"
  },
  {
    "id": 5105,
    "id_provinsi": "51",
    "nama": "Kabupaten Klungkung"
  },
  {
    "id": 5106,
    "id_provinsi": "51",
    "nama": "Kabupaten Bangli"
  },
  {
    "id": 5107,
    "id_provinsi": "51",
    "nama": "Kabupaten Karang Asem"
  },
  {
    "id": 5108,
    "id_provinsi": "51",
    "nama": "Kabupaten Buleleng"
  },
  {
    "id": 5171,
    "id_provinsi": "51",
    "nama": "Kota Denpasar"
  }
]