[
  {
    "id": 5201,
    "id_provinsi": "52",
    "nama": "Kabupaten Lombok Barat"
  },
  {
    "id": 5202,
    "id_provinsi": "52",
    "nama": "Kabupaten Lombok Tengah"
  },
  {
    "id": 5203,
    "id_provinsi": "52",
    "nama": "Kabupaten Lombok Timur"
  },
  {
    "id": 5204,
    "id_provinsi": "52",
    "nama": "Kabupaten Sumbawa"
  },
  {
    "id": 5205,
    "id_provinsi": "52",
    "nama": "Kabupaten Dompu"
  },
  {
    "id": 5206,
    "id_provinsi": "52",
    "nama": "Kabupaten Bima"
  },
  {
    "id": 5207,
    "id_provinsi": "52",
    "nama": "Kabupaten Sumbawa Barat"
  },
  {
    "id": 5208,
    "id_provinsi": "52",
    "nama": "Kabupaten Lombok Utara"
  },
  {
    "id": 5271,
    "id_provinsi": "52",
    "nama": "Kota Mataram"
  },
  {
    "id": 5272,
    "id_provinsi": "52",
    "nama": "Kota Bima"
  }
]