[
  {
    "id": 5301,
    "id_provinsi": "53",
    "nama": "Kabupaten Sumba Barat"
  },
  {
    "id": 5302,
    "id_provinsi": "53",
    "nama": "Kabupaten Sumba Timur"
  },
  {
    "id": 5303,
    "id_provinsi": "53",
    "nama": "Kabupaten Kupang"
  },
  {
    "id": 5304,
    "id_provinsi": "53",
    "nama": "Kabupaten Timor Tengah Selatan"
  },
  {
    "id": 5305,
    "id_provinsi": "53",
    "nama": "Kabupaten Timor Tengah Utara"
  },
  {
    "id": 5306,
    "id_provinsi": "53",
    "nama": "Kabupaten Belu"
  },
  {
    "id": 5307,
    "id_provinsi": "53",
    "nama": "Kabupaten Alor"
  },
  {
    "id": 5308,
    "id_provinsi": "53",
    "nama": "Kabupaten Lembata"
  },
  {
    "id": 5309,
    "id_provinsi": "53",
    "nama": "Kabupaten Flores Timur"
  },
  {
    "id": 5310,
    "id_provinsi": "53",
    "nama": "Kabupaten Sikka"
  },
  {
    "id": 5311,
    "id_provinsi": "53",
    "nama": "Kabupaten Ende"
  },
  {
    "id": 5312,
    "id_provinsi": "53",
    "nama": "Kabupaten Ngada"
  },
  {
    "id": 5313,
    "id_provinsi": "53",
    "nama": "Kabupaten Manggarai"
  },
  {
    "id": 5314,
    "id_provinsi": "53",
    "nama": "Kabupaten Rote Ndao"
  },
  {
    "id": 5315,
    "id_provinsi": "53",
    "nama": "Kabupaten Manggarai Barat"
  },
  {
    "id": 5316,
    "id_provinsi": "53",
    "nama": "Kabupaten Sumba Tengah"
  },
  {
    "id": 5317,
    "id_provinsi": "53",
    "nama": "Kabupaten Sumba Barat Daya"
  },
  {
    "id": 5318,
    "id_provinsi": "53",
    "nama": "Kabupaten Nagekeo"
  },
  {
    "id": 5319,
    "id_provinsi": "53",
    "nama": "Kabupaten Manggarai Timur"
  },
  {
    "id": 5320,
    "id_provinsi": "53",
    "nama": "Kabupaten Sabu Raijua"
  },
  {
    "id": 5321,
    "id_provinsi": "53",
    "nama": "Kabupaten Malaka"
  },
  {
    "id": 5371,
    "id_provinsi": "53",
    "nama": "Kota Kupang"
  }
]