[
  {
    "id": 6101,
    "id_provinsi": "61",
    "nama": "Kabupaten Sambas"
  },
  {
    "id": 6102,
    "id_provinsi": "61",
    "nama": "Kabupaten Bengkayang"
  },
  {
    "id": 6103,
    "id_provinsi": "61",
    "nama": "Kabupaten Landak"
  },
  {
    "id": 6104,
    "id_provinsi": "61",
    "nama": "Kabupaten Mempawah"
  },
  {
    "id": 6105,
    "id_provinsi": "61",
    "nama": "Kabupaten Sanggau"
  },
  {
    "id": 6106,
    "id_provinsi": "61",
    "nama": "Kabupaten Ketapang"
  },
  {
    "id": 6107,
    "id_provinsi": "61",
    "nama": "Kabupaten Sintang"
  },
  {
    "id": 6108,
    "id_provinsi": "61",
    "nama": "Kabupaten Kapuas Hulu"
  },
  {
    "id": 6109,
    "id_provinsi": "61",
    "nama": "Kabupaten Sekadau"
  },
  {
    "id": 6110,
    "id_provinsi": "61",
    "nama": "Kabupaten Melawi"
  },
  {
    "id": 6111,
    "id_provinsi": "61",
    "nama": "Kabupaten Kayong Utara"
  },
  {
    "id": 6112,
    "id_provinsi": "61",
    "nama": "Kabupaten Kubu Raya"
  },
  {
    "id": 6171,
    "id_provinsi": "61",
    "nama": "Kota Pontianak"
  },
  {
    "id": 6172,
    "id_provinsi": "61",
    "nama": "Kota Singkawang"
  }
]