[
  {
    "id": 6201,
    "id_provinsi": "62",
    "nama": "Kabupaten Kotawaringin Barat"
  },
  {
    "id": 6202,
    "id_provinsi": "62",
    "nama": "Kabupaten Kotawaringin Timur"
  },
  {
    "id": 6203,
    "id_provinsi": "62",
    "nama": "Kabupaten Kapuas"
  },
  {
    "id": 6204,
    "id_provinsi": "62",
    "nama": "Kabupaten Barito Selatan"
  },
  {
    "id": 6205,
    "id_provinsi": "62",
    "nama": "Kabupaten Barito Utara"
  },
  {
    "id": 6206,
    "id_provinsi": "62",
    "nama": "Kabupaten Sukamara"
  },
  {
    "id": 6207,
    "id_provinsi": "62",
    "nama": "Kabupaten Lamandau"
  },
  {
    "id": 6208,
    "id_provinsi": "62",
    "nama": "Kabupaten Seruyan"
  },
  {
    "id": 6209,
    "id_provinsi": "62",
    "nama": "Kabupaten Katingan"
  },
  {
    "id": 6210,
    "id_provinsi": "62",
    "nama": "Kabupaten Pulang Pisau"
  },
  {
    "id": 6211,
    "id_provinsi": "62",
    "nama": "Kabupaten Gunung Mas"
  },
  {
    "id": 6212,
    "id_provinsi": "62",
    "nama": "Kabupaten Barito Timur"
  },
  {
    "id": 6213,
    "id_provinsi": "62",
    "nama": "Kabupaten Murung Raya"
  },
  {
    "id": 6271,
    "id_provinsi": "62",
    "nama": "Kota Palangka Raya"
  }
]