[
  {
    "id": 6301,
    "id_provinsi": "63",
    "nama": "Kabupaten Tanah Laut"
  },
  {
    "id": 6302,
    "id_provinsi": "63",
    "nama": "Kabupaten Kota Baru"
  },
  {
    "id": 6303,
    "id_provinsi": "63",
    "nama": "Kabupaten Banjar"
  },
  {
    "id": 6304,
    "id_provinsi": "63",
    "nama": "Kabupaten Barito Kuala"
  },
  {
    "id": 6305,
    "id_provinsi": "63",
    "nama": "Kabupaten Tapin"
  },
  {
    "id": 6306,
    "id_provinsi": "63",
    "nama": "Kabupaten Hulu Sungai Selatan"
  },
  {
    "id": 6307,
    "id_provinsi": "63",
    "nama": "Kabupaten Hulu Sungai Tengah"
  },
  {
    "id": 6308,
    "id_provinsi": "63",
    "nama": "Kabupaten Hulu Sungai Utara"
  },
  {
    "id": 6309,
    "id_provinsi": "63",
    "nama": "Kabupaten Tabalong"
  },
  {
    "id": 6310,
    "id_provinsi": "63",
    "nama": "Kabupaten Tanah Bumbu"
  },
  {
    "id": 6311,
    "id_provinsi": "63",
    "nama": "Kabupaten Balangan"
  },
  {
    "id": 6371,
    "id_provinsi": "63",
    "nama": "Kota Banjarmasin"
  },
  {
    "id": 6372,
    "id_provinsi": "63",
    "nama": "Kota Banjar Baru"
  }
]