[
  {
    "id": 6401,
    "id_provinsi": "64",
    "nama": "Kabupaten Paser"
  },
  {
    "id": 6402,
    "id_provinsi": "64",
    "nama": "Kabupaten Kutai Barat"
  },
  {
    "id": 6403,
    "id_provinsi": "64",
    "nama": "Kabupaten Kutai Kartanegara"
  },
  {
    "id": 6404,
    "id_provinsi": "64",
    "nama": "Kabupaten Kutai Timur"
  },
  {
    "id": 6405,
    "id_provinsi": "64",
    "nama": "Kabupaten Berau"
  },
  {
    "id": 6409,
    "id_provinsi": "64",
    "nama": "Kabupaten Penajam Paser Utara"
  },
  {
    "id": 6411,
    "id_provinsi": "64",
    "nama": "Kabupaten Mahakam Hulu"
  },
  {
    "id": 6471,
    "id_provinsi": "64",
    "nama": "Kota Balikpapan"
  },
  {
    "id": 6472,
    "id_provinsi": "64",
    "nama": "Kota Samarinda"
  },
  {
    "id": 6474,
    "id_provinsi": "64",
    "nama": "Kota Bontang"
  }
]