[
  {
    "id": 7101,
    "id_provinsi": "71",
    "nama": "Kabupaten Bolaang Mongondow"
  },
  {
    "id": 7102,
    "id_provinsi": "71",
    "nama": "Kabupaten Minahasa"
  },
  {
    "id": 7103,
    "id_provinsi": "71",
    "nama": "Kabupaten Kepulauan Sangihe"
  },
  {
    "id": 7104,
    "id_provinsi": "71",
    "nama": "Kabupaten Kepulauan Talaud"
  },
  {
    "id": 7105,
    "id_provinsi": "71",
    "nama": "Kabupaten Minahasa Selatan"
  },
  {
    "id": 7106,
    "id_provinsi": "71",
    "nama": "Kabupaten Minahasa Utara"
  },
  {
    "id": 7107,
    "id_provinsi": "71",
    "nama": "Kabupaten Bolaang Mongondow Utara"
  },
  {
    "id": 7108,
    "id_provinsi": "71",
    "nama": "Kabupaten Siau Tagulandang Biaro"
  },
  {
    "id": 7109,
    "id_provinsi": "71",
    "nama": "Kabupaten Minahasa Tenggara"
  },
  {
    "id": 7110,
    "id_provinsi": "71",
    "nama": "Kabupaten Bolaang Mongondow Selatan"
  },
  {
    "id": 7111,
    "id_provinsi": "71",
    "nama": "Kabupaten Bolaang Mongondow Timur"
  },
  {
    "id": 7171,
    "id_provinsi": "71",
    "nama": "Kota Manado"
  },
  {
    "id": 7172,
    "id_provinsi": "71",
    "nama": "Kota Bitung"
  },
  {
    "id": 7173,
    "id_provinsi": "71",
    "nama": "Kota Tomohon"
  },
  {
    "id": 7174,
    "id_provinsi": "71",
    "nama": "Kota Kotamobagu"
  }
]