[
  {
    "id": 7201,
    "id_provinsi": "72",
    "nama": "Kabupaten Banggai Kepulauan"
  },
  {
    "id": 7202,
    "id_provinsi": "72",
    "nama": "Kabupaten Banggai"
  },
  {
    "id": 7203,
    "id_provinsi": "72",
    "nama": "Kabupaten Morowali"
  },
  {
    "id": 7204,
    "id_provinsi": "72",
    "nama": "Kabupaten Poso"
  },
  {
    "id": 7205,
    "id_provinsi": "72",
    "nama": "Kabupaten Donggala"
  },
  {
    "id": 7206,
    "id_provinsi": "72",
    "nama": "Kabupaten Toli-toli"
  },
  {
    "id": 7207,
    "id_provinsi": "72",
    "nama": "Kabupaten Buol"
  },
  {
    "id": 7208,
    "id_provinsi": "72",
    "nama": "Kabupaten Parigi Moutong"
  },
  {
    "id": 7209,
    "id_provinsi": "72",
    "nama": "Kabupaten Tojo Una-una"
  },
  {
    "id": 7210,
    "id_provinsi": "72",
    "nama": "Kabupaten Sigi"
  },
  {
    "id": 7211,
    "id_provinsi": "72",
    "nama": "Kabupaten Banggai Laut"
  },
  {
    "id": 7212,
    "id_provinsi": "72",
    "nama": "Kabupaten Morowali Utara"
  },
  {
    "id": 7271,
    "id_provinsi": "72",
    "nama": "Kota Palu"
  }
]