[
  {
    "id": 7301,
    "id_provinsi": "73",
    "nama": "Kabupaten Kepulauan Selayar"
  },
  {
    "id": 7302,
    "id_provinsi": "73",
    "nama": "Kabupaten Bulukumba"
  },
  {
    "id": 7303,
    "id_provinsi": "73",
    "nama": "Kabupaten Bantaeng"
  },
  {
    "id": 7304,
    "id_provinsi": "73",
    "nama": "Kabupaten Jeneponto"
  },
  {
    "id": 7305,
    "id_provinsi": "73",
    "nama": "Kabupaten Takalar"
  },
  {
    "id": 7306,
    "id_provinsi": "73",
    "nama": "Kabupaten Gowa"
  },
  {
    "id": 7307,
    "id_provinsi": "73",
    "nama": "Kabupaten Sinjai"
  },
  {
    "id": 7308,
    "id_provinsi": "73",
    "nama": "Kabupaten Maros"
  },
  {
    "id": 7309,
    "id_provinsi": "73",
    "nama": "Kabupaten Pangkajene Dan Kepulauan"
  },
  {
    "id": 7310,
    "id_provinsi": "73",
    "nama": "Kabupaten Barru"
  },
  {
    "id": 7311,
    "id_provinsi": "73",
    "nama": "Kabupaten Bone"
  },
  {
    "id": 7312,
    "id_provinsi": "73",
    "nama": "Kabupaten Soppeng"
  },
  {
    "id": 7313,
    "id_provinsi": "73",
    "nama": "Kabupaten Wajo"
  },
  {
    "id": 7314,
    "id_provinsi": "73",
    "nama": "Kabupaten Sidenreng Rappang"
  },
  {
    "id": 7315,
    "id_provinsi": "73",
    "nama": "Kabupaten Pinrang"
  },
  {
    "id": 7316,
    "id_provinsi": "73",
    "nama": "Kabupaten Enrekang"
  },
  {
    "id": 7317,
    "id_provinsi": "73",
    "nama": "Kabupaten Luwu"
  },
  {
    "id": 7318,
    "id_provinsi": "73",
    "nama": "Kabupaten Tana Toraja"
  },
  {
    "id": 7322,
    "id_provinsi": "73",
    "nama": "Kabupaten Luwu Utara"
  },
  {
    "id": 7325,
    "id_provinsi": "73",
    "nama": "Kabupaten Luwu Timur"
  },
  {
    "id": 7326,
    "id_provinsi": "73",
    "nama": "Kabupaten Toraja Utara"
  },
  {
    "id": 7371,
    "id_provinsi": "73",
    "nama": "Kota Makassar"
  },
  {
    "id": 7372,
    "id_provinsi": "73",
    "nama": "Kota Parepare"
  },
  {
    "id": 7373,
    "id_provinsi": "73",
    "nama": "Kota Palopo"
  }
]