[
  {
    "id": 7401,
    "id_provinsi": "74",
    "nama": "Kabupaten Buton"
  },
  {
    "id": 7402,
    "id_provinsi": "74",
    "nama": "Kabupaten Muna"
  },
  {
    "id": 7403,
    "id_provinsi": "74",
    "nama": "Kabupaten Konawe"
  },
  {
    "id": 7404,
    "id_provinsi": "74",
    "nama": "Kabupaten Kolaka"
  },
  {
    "id": 7405,
    "id_provinsi": "74",
    "nama": "Kabupaten Konawe Selatan"
  },
  {
    "id": 7406,
    "id_provinsi": "74",
    "nama": "Kabupaten Bombana"
  },
  {
    "id": 7407,
    "id_provinsi": "74",
    "nama": "Kabupaten Wakatobi"
  },
  {
    "id": 7408,
    "id_provinsi": "74",
    "nama": "Kabupaten Kolaka Utara"
  },
  {
    "id": 7409,
    "id_provinsi": "74",
    "nama": "Kabupaten Buton Utara"
  },
  {
    "id": 7410,
    "id_provinsi": "74",
    "nama": "Kabupaten Konawe Utara"
  },
  {
    "id": 7411,
    "id_provinsi": "74",
    "nama": "Kabupaten Kolaka Timur"
  },
  {
    "id": 7412,
    "id_provinsi": "74",
    "nama": "Kabupaten Konawe Kepulauan"
  },
  {
    "id": 7413,
    "id_provinsi": "74",
    "nama": "Kabupaten Muna Barat"
  },
  {
    "id": 7414,
    "id_provinsi": "74",
    "nama": "Kabupaten Buton Tengah"
  },
  {
    "id": 7415,
    "id_provinsi": "74",
    "nama": "Kabupaten Buton Selatan"
  },
  {
    "id": 7471,
    "id_provinsi": "74",
    "nama": "Kota Kendari"
  },
  {
    "id": 7472,
    "id_provinsi": "74",
    "nama": "Kota Baubau"
  }
]