[
  {
    "id": 7501,
    "id_provinsi": "75",
    "nama": "Kabupaten Boalemo"
  },
  {
    "id": 7502,
    "id_provinsi": "75",
    "nama": "Kabupaten Gorontalo"
  },
  {
    "id": 7503,
    "id_provinsi": "75",
    "nama": "Kabupaten Pohuwato"
  },
  {
    "id": 7504,
    "id_provinsi": "75",
    "nama": "Kabupaten Bone Bolango"
  },
  {
    "id": 7505,
    "id_provinsi": "75",
    "nama": "Kabupaten Gorontalo Utara"
  },
  {
    "id": 7571,
    "id_provinsi": "75",
    "nama": "Kota Gorontalo"
  }
]