[
  {
    "id": 7601,
    "id_provinsi": "76",
    "nama": "Kabupaten Majene"
  },
  {
    "id": 7602,
    "id_provinsi": "76",
    "nama": "Kabupaten Polewali Mandar"
  },
  {
    "id": 7603,
    "id_provinsi": "76",
    "nama": "Kabupaten Mamasa"
  },
  {
    "id": 7604,
    "id_provinsi": "76",
    "nama": "Kabupaten Mamuju"
  },
  {
    "id": 7605,
    "id_provinsi": "76",
    "nama": "Kabupaten Mamuju Utara"
  },
  {
    "id": 7606,
    "id_provinsi": "76",
    "nama": "Kabupaten Mamuju Tengah"
  }
]