[
  {
    "id": 8101,
    "id_provinsi": "81",
    "nama": "Kabupaten Maluku Tenggara Barat"
  },
  {
    "id": 8102,
    "id_provinsi": "81",
    "nama": "Kabupaten Maluku Tenggara"
  },
  {
    "id": 8103,
    "id_provinsi": "81",
    "nama": "Kabupaten Maluku Tengah"
  },
  {
    "id": 8104,
    "id_provinsi": "81",
    "nama": "Kabupaten Buru"
  },
  {
    "id": 8105,
    "id_provinsi": "81",
    "nama": "Kabupaten Kepulauan Aru"
  },
  {
    "id": 8106,
    "id_provinsi": "81",
    "nama": "Kabupaten Seram Bagian Barat"
  },
  {
    "id": 8107,
    "id_provinsi": "81",
    "nama": "Kabupaten Seram Bagian Timur"
  },
  {
    "id": 8108,
    "id_provinsi": "81",
    "nama": "Kabupaten Maluku Barat Daya"
  },
  {
    "id": 8109,
    "id_provinsi": "81",
    "nama": "Kabupaten Buru Selatan"
  },
  {
    "id": 8171,
    "id_provinsi": "81",
    "nama": "Kota Ambon"
  },
  {
    "id": 8172,
    "id_provinsi": "81",
    "nama": "Kota Tual"
  }
]