[
  {
    "id": 8201,
    "id_provinsi": "82",
    "nama": "Kabupaten Halmahera Barat"
  },
  {
    "id": 8202,
    "id_provinsi": "82",
    "nama": "Kabupaten Halmahera Tengah"
  },
  {
    "id": 8203,
    "id_provinsi": "82",
    "nama": "Kabupaten Kepulauan Sula"
  },
  {
    "id": 8204,
    "id_provinsi": "82",
    "nama": "Kabupaten Halmahera Selatan"
  },
  {
    "id": 8205,
    "id_provinsi": "82",
    "nama": "Kabupaten Halmahera Utara"
  },
  {
    "id": 8206,
    "id_provinsi": "82",
    "nama": "Kabupaten Halmahera Timur"
  },
  {
    "id": 8207,
    "id_provinsi": "82",
    "nama": "Kabupaten Pulau Morotai"
  },
  {
    "id": 8208,
    "id_provinsi": "82",
    "nama": "Kabupaten Pulau Taliabu"
  },
  {
    "id": 8271,
    "id_provinsi": "82",
    "nama": "Kota Ternate"
  },
  {
    "id": 8272,
    "id_provinsi": "82",
    "nama": "Kota Tidore Kepulauan"
  }
]