[
  {
    "id": 9101,
    "id_provinsi": "91",
    "nama": "Kabupaten Fakfak"
  },
  {
    "id": 9102,
    "id_provinsi": "91",
    "nama": "Kabupaten Kaimana"
  },
  {
    "id": 9103,
    "id_provinsi": "91",
    "nama": "Kabupaten Teluk Wondama"
  },
  {
    "id": 9104,
    "id_provinsi": "91",
    "nama": "Kabupaten Teluk Bintuni"
  },
  {
    "id": 9105,
    "id_provinsi": "91",
    "nama": "Kabupaten Manokwari"
  },
  {
    "id": 9106,
    "id_provinsi": "91",
    "nama": "Kabupaten Sorong Selatan"
  },
  {
    "id": 9107,
    "id_provinsi": "91",
    "nama": "Kabupaten Sorong"
  },
  {
    "id": 9108,
    "id_provinsi": "91",
    "nama": "Kabupaten Raja Ampat"
  },
  {
    "id": 9109,
    "id_provinsi": "91",
    "nama": "Kabupaten Tambrauw"
  },
  {
    "id": 9110,
    "id_provinsi": "91",
    "nama": "Kabupaten Maybrat"
  },
  {
    "id": 9111,
    "id_provinsi": "91",
    "nama": "Kabupaten Manokwari Selatan"
  },
  {
    "id": 9112,
    "id_provinsi": "91",
    "nama": "Kabupaten Pegunungan Arfak"
  },
  {
    "id": 9171,
    "id_provinsi": "91",
    "nama": "Kota Sorong"
  }
]