[
  {
    "id": 9401,
    "id_provinsi": "94",
    "nama": "Kabupaten Merauke"
  },
  {
    "id": 9402,
    "id_provinsi": "94",
    "nama": "Kabupaten Jayawijaya"
  },
  {
    "id": 9403,
    "id_provinsi": "94",
    "nama": "Kabupaten Jayapura"
  },
  {
    "id": 9404,
    "id_provinsi": "94",
    "nama": "Kabupaten Nabire"
  },
  {
    "id": 9408,
    "id_provinsi": "94",
    "nama": "Kabupaten Kepulauan Yapen"
  },
  {
    "id": 9409,
    "id_provinsi": "94",
    "nama": "Kabupaten Biak Numfor"
  },
  {
    "id": 9410,
    "id_provinsi": "94",
    "nama": "Kabupaten Paniai"
  },
  {
    "id": 9411,
    "id_provinsi": "94",
    "nama": "Kabupaten Puncak Jaya"
  },
  {
    "id": 9412,
    "id_provinsi": "94",
    "nama": "Kabupaten Mimika"
  },
  {
    "id": 9413,
    "id_provinsi": "94",
    "nama": "Kabupaten Boven Digoel"
  },
  {
    "id": 9414,
    "id_provinsi": "94",
    "nama": "Kabupaten Mappi"
  },
  {
    "id": 9415,
    "id_provinsi": "94",
    "nama": "Kabupaten Asmat"
  },
  {
    "id": 9416,
    "id_provinsi": "94",
    "nama": "Kabupaten Yahukimo"
  },
  {
    "id": 9417,
    "id_provinsi": "94",
    "nama": "Kabupaten Pegunungan Bintang"
  },
  {
    "id": 9418,
    "id_provinsi": "94",
    "nama": "Kabupaten Tolikara"
  },
  {
    "id": 9419,
    "id_provinsi": "94",
    "nama": "Kabupaten Sarmi"
  },
  {
    "id": 9420,
    "id_provinsi": "94",
    "nama": "Kabupaten Keerom"
  },
  {
    "id": 9426,
    "id_provinsi": "94",
    "nama": "Kabupaten Waropen"
  },
  {
    "id": 9427,
    "id_provinsi": "94",
    "nama": "Kabupaten Supiori"
  },
  {
    "id": 9428,
    "id_provinsi": "94",
    "nama": "Kabupaten Mamberamo Raya"
  },
  {
    "id": 9429,
    "id_provinsi": "94",
    "nama": "Kabupaten Nduga"
  },
  {
    "id": 9430,
    "id_provinsi": "94",
    "nama": "Kabupaten Lanny Jaya"
  },
  {
    "id": 9431,
    "id_provinsi": "94",
    "nama": "Kabupaten Mamberamo Tengah"
  },
  {
    "id": 9432,
    "id_provinsi": "94",
    "nama": "Kabupaten Yalimo"
  },
  {
    "id": 9433,
    "id_provinsi": "94",
    "nama": "Kabupaten Puncak"
  },
  {
    "id": 9434,
    "id_provinsi": "94",
    "nama": "Kabupaten Dogiyai"
  },
  {
    "id": 9435,
    "id_provinsi": "94",
    "nama": "Kabupaten Intan Jaya"
  },
  {
    "id": 9436,
    "id_provinsi": "94",
    "nama": "Kabupaten Deiyai"
  },
  {
    "id": 9471,
    "id_provinsi": "94",
    "nama": "Kota Jayapura"
  }
]